길드원 이름,공지방 참여 여부,파티원정,원정 참여
9ucci,예,예,예
ashara,예,예,예
Bebe,예,예,예
Becca,예,예,
Beginner,예,예,예
chung ki An,예,예,
cool,예,예,예
Crescent,예,예,
dash,예,예,
Epicure,예,예,
Greatspirit,예,예,
helkaness,예,예,
hoyo,예,예,예
iiwii,예,예,예
Jin,예,예,예
lenia,예,예,
Leviathan,예,예,
M&M,예,예,예
MaesTro,예,예,
OneStar,예,예,
PerthArena,예,예,
Ppowerade,예,예,예
raykimz,예,예,
Ruri,예,예,
SnowNooDLe,예,예,
surprise4444,예,예,예
Talane,예,예,예
Texasminq,예,예,예
yoon,예,예,
각성,예,예,
금연상담센터,예,예,
김유정보고시작함,예,예,
까만소,예,예,예
꿀꺽,예,예,예
뀨우,예,예,
나비보벳따우웅,예,예,
댜미,예,예,예
돼진우,예,,
로열,예,예,예
마녀,예,예,
마론,예,예,예
메달(이모티콘),예,예,
몽블랑,예,예,
미녀친구들,예,예,예
민로몬,예,예,
바나나전문가,예,예,
비둘기밥,예,예,예
빈숭,예,예,예
삐대,예,예,
설탕공장장,예,예,예
소나기,예,예,
소다,예,예,
손댕이,예,예,예
솔느님,예,예,
아빠,예,예,
야.꿀벌,예,예,
엡츄,예,예,
오성,예,예,예
이견,예,예,
인천,예,예,
인포헌터,예,예,예
추이,예,예,
카바푸박사,예,예,예
쿠크,예,예,예
파안,예,예,
포도동,예,예,
하드케이크,예,예,예
하이,예,예,
흑비버,예,예,
